ID,URL,Element,Rarity,Max Evo Level,Name,Type,ATK,HP,Icon,Skills
Aburaboshi_Ramen_Flag,https://gbf.wiki/Aburaboshi_Ramen_Flag,water,ssr,3,Aburaboshi Ramen Flag,spear,1830,210,./Weapon Lists_Water - Granblue Fantasy Wiki_files/100px-Weapon_m_1040217000.jpg,"Armed Flood, Synchronized Artistry"
Acid_Bolt_Shooter,https://gbf.wiki/Acid_Bolt_Shooter,water,ssr,4,Acid Bolt Shooter,gun,3250,220,./Weapon Lists_Water - Granblue Fantasy Wiki_files/100px-Weapon_m_1040512500.jpg,"Hoarfrost's Might, Water's Mystery, Aquae Excelsior"
Ain_Soph,https://gbf.wiki/Ain_Soph,water,ssr,3,Ain Soph,sabre,2577,202,./Weapon Lists_Water - Granblue Fantasy Wiki_files/100px-Weapon_m_1040018700.jpg,"Tsunami's Haunt, Hoarfrost's Mystery"
Air_Cannon,https://gbf.wiki/Air_Cannon,water,ssr,4,Air Cannon,melee,2275,242,./Weapon Lists_Water - Granblue Fantasy Wiki_files/100px-Weapon_m_1040615600.jpg,"Air Blast, Bang!"
Ameno_Habakiri_(Water),https://gbf.wiki/Ameno_Habakiri_(Water),water,ssr,5,Ameno Habakiri,katana,4036,287,./Weapon Lists_Water - Granblue Fantasy Wiki_files/100px-Weapon_m_1040904500.jpg,"Tsunami's Celere, Slaysnake's Myth II, Tsunami's Trium"
Ancestral_Blade,https://gbf.wiki/Ancestral_Blade,water,ssr,3,Ancestral Blade,katana,2197,140,./Weapon Lists_Water - Granblue Fantasy Wiki_files/100px-Weapon_m_1040911200.jpg,"Unrelenting Might, Memories of War"
Ancient_Auberon,https://gbf.wiki/Ancient_Auberon,water,ssr,4,Ancient Auberon,melee,2620,280,./Weapon Lists_Water - Granblue Fantasy Wiki_files/100px-Weapon_m_1040604000.jpg,"Oceansoul's Majesty, Oceansoul's Restraint"
Aquamarine_Hatchet,https://gbf.wiki/Aquamarine_Hatchet,water,ssr,4,Aquamarine Hatchet,sabre,2430,211,./Weapon Lists_Water - Granblue Fantasy Wiki_files/100px-Weapon_m_1040020500.jpg,"Oceansoul's Might II, Oceansoul's Progression II"
Arabesque,https://gbf.wiki/Arabesque,water,ssr,3,Arabesque,dagger,2320,220,./Weapon Lists_Water - Granblue Fantasy Wiki_files/100px-Weapon_m_1040113400.jpg,"Impavid Impetus, Reverberating Rhythm"
Arabesque_Aqua,https://gbf.wiki/Arabesque_Aqua,water,ssr,4,Arabesque Aqua,dagger,2727,261,./Weapon Lists_Water - Granblue Fantasy Wiki_files/100px-Weapon_m_1040113700.jpg,"Impavid Impetus, Reverberating Rhythm"
Arabesque_Rebirth,https://gbf.wiki/Arabesque_Rebirth,water,ssr,3,Arabesque Rebirth,dagger,2340,222,./Weapon Lists_Water - Granblue Fantasy Wiki_files/100px-Weapon_m_1040113500.jpg,"Impavid Impetus, Reverberating Rhythm"
Arvess_Demiclone,https://gbf.wiki/Arvess_Demiclone,water,ssr,4,Arvess Demiclone,spear,3090,250,./Weapon Lists_Water - Granblue Fantasy Wiki_files/100px-Weapon_m_1040215900.jpg,"Water's Might, Tsunami's Trium, Ocean Blue Blow"
Aschallon_Aqua,https://gbf.wiki/Aschallon_Aqua,water,ssr,4,Aschallon Aqua,sabre,2830,240,./Weapon Lists_Water - Granblue Fantasy Wiki_files/100px-Weapon_m_1040006500.jpg,"Blade of Conquest, Crimsonic Liege"
Atlantis,https://gbf.wiki/Atlantis,water,ssr,4,Atlantis,spear,3079,338,./Weapon Lists_Water - Granblue Fantasy Wiki_files/100px-Weapon_m_1040216300.jpg,"Hoarfrost's Enmity, Hoarfrost's Garrison, Snowfall's Quintessence"
Atma_Axe_(Water),https://gbf.wiki/Atma_Axe_(Water),water,ssr,3,Atma Axe,axe,2844,165,./Weapon Lists_Water - Granblue Fantasy Wiki_files/100px-Weapon_m_1040307300.jpg,Labrys Rubell
Atma_Blade_(Water),https://gbf.wiki/Atma_Blade_(Water),water,ssr,3,Atma Blade,katana,2856,163,./Weapon Lists_Water - Granblue Fantasy Wiki_files/100px-Weapon_m_1040907000.jpg,Makhaira Rubell
Atma_Bow_(Water),https://gbf.wiki/Atma_Bow_(Water),water,ssr,3,Atma Bow,bow,2608,206,./Weapon Lists_Water - Granblue Fantasy Wiki_files/100px-Weapon_m_1040706400.jpg,Arcus Rubell
Atma_Dagger_(Water),https://gbf.wiki/Atma_Dagger_(Water),water,ssr,3,Atma Dagger,dagger,2402,224,./Weapon Lists_Water - Granblue Fantasy Wiki_files/100px-Weapon_m_1040109200.jpg,Sica Rubell
Atma_Fist_(Water),https://gbf.wiki/Atma_Fist_(Water),water,ssr,3,Atma Fist,melee,2328,237,./Weapon Lists_Water - Granblue Fantasy Wiki_files/100px-Weapon_m_1040607600.jpg,Luctor Rubell
Atma_Gun_(Water),https://gbf.wiki/Atma_Gun_(Water),water,ssr,3,Atma Gun,gun,2857,157,./Weapon Lists_Water - Granblue Fantasy Wiki_files/100px-Weapon_m_1040506900.jpg,Arma Rubell
Atma_Harp_(Water),https://gbf.wiki/Atma_Harp_(Water),water,ssr,3,Atma Harp,harp,2245,224,./Weapon Lists_Water - Granblue Fantasy Wiki_files/100px-Weapon_m_1040806500.jpg,Musica Rubell
Atma_Spear_(Water),https://gbf.wiki/Atma_Spear_(Water),water,ssr,3,Atma Spear,spear,2350,238,./Weapon Lists_Water - Granblue Fantasy Wiki_files/100px-Weapon_m_1040208300.jpg,Lancea Rubell
Atma_Staff_(Water),https://gbf.wiki/Atma_Staff_(Water),water,ssr,3,Atma Staff,staff,2162,270,./Weapon Lists_Water - Granblue Fantasy Wiki_files/100px-Weapon_m_1040410300.jpg,Baculum Rubell
Atma_Sword_(Water),https://gbf.wiki/Atma_Sword_(Water),water,ssr,3,Atma Sword,sabre,2594,195,./Weapon Lists_Water - Granblue Fantasy Wiki_files/100px-Weapon_m_1040011400.jpg,Gladius Rubell
Auberon,https://gbf.wiki/Auberon,water,ssr,4,Auberon,melee,2620,280,./Weapon Lists_Water - Granblue Fantasy Wiki_files/100px-Weapon_m_1040604100.jpg,"Water's Majesty, Tsunami's Restraint"
Avenger_Aqua,https://gbf.wiki/Avenger_Aqua,water,ssr,4,Avenger Aqua,axe,2960,213,./Weapon Lists_Water - Granblue Fantasy Wiki_files/100px-Weapon_m_1040303700.jpg,"Swordmaster's Soul, Supreme Trepidation"
Banana_Bunch,https://gbf.wiki/Banana_Bunch,water,ssr,3,Banana Bunch,axe,2333,110,./Weapon Lists_Water - Granblue Fantasy Wiki_files/100px-Banana_Bunch_icon.jpg,"Gourmet Banana, Organic Smackdown"
Beach_Grynoth,https://gbf.wiki/Beach_Grynoth,water,ssr,3,Beach Grynoth,axe,2591,199,./Weapon Lists_Water - Granblue Fantasy Wiki_files/100px-Weapon_m_1040316300.jpg,"Hoarfrost's Garrison, Water's Majesty"
Berserker%27s_Barrage_(Water),https://gbf.wiki/Berserker%27s_Barrage_(Water),water,ssr,5,Berserker's Barrage,axe,3380,244,./Weapon Lists_Water - Granblue Fantasy Wiki_files/100px-Weapon_m_1040308500.jpg,"Barbarian's Nature, Barbarian's Essence"
Bident,https://gbf.wiki/Bident,water,ssr,5,Bident,spear,3176,281,./Weapon Lists_Water - Granblue Fantasy Wiki_files/100px-Weapon_m_1040213800.jpg,"Armed Flood, Abyssal Avenger"
Blast_Sword,https://gbf.wiki/Blast_Sword,water,ssr,3,Blast Sword,sabre,2010,176,./Weapon Lists_Water - Granblue Fantasy Wiki_files/100px-Weapon_m_1040006000.jpg,Auto Apparatus
Blossom_Axe,https://gbf.wiki/Blossom_Axe,water,ssr,4,Blossom Axe,axe,3180,230,./Weapon Lists_Water - Granblue Fantasy Wiki_files/100px-Weapon_m_1040306900.jpg,"Hoarfrost's Might, Preemptive Ice Wall, Hoarfrost's Bloodshed"
Blue_Lightning,https://gbf.wiki/Blue_Lightning,water,ssr,4,Blue Lightning,sabre,3118,243,./Weapon Lists_Water - Granblue Fantasy Wiki_files/100px-Weapon_m_1040023200.jpg,"Tsunami's Aegis, Water's Stamina, Tsunami's Fandango"
Blue_Sphere,https://gbf.wiki/Blue_Sphere,water,ssr,4,Blue Sphere,staff,2780,403,./Weapon Lists_Water - Granblue Fantasy Wiki_files/100px-Weapon_m_1040410000.jpg,"Hoarfrost's Might III, Tsunami's Sentence"
Bow_of_Sigurd,https://gbf.wiki/Bow_of_Sigurd,water,ssr,4,Bow of Sigurd,bow,2701,250,./Weapon Lists_Water - Granblue Fantasy Wiki_files/100px-Weapon_m_1040705100.jpg,"Preemptive Frost Blade, Hoarfrost's Might"
Bow_of_Sigurd_Militis,https://gbf.wiki/Bow_of_Sigurd_Militis,water,ssr,3,Bow of Sigurd Militis,bow,2122,197,./Weapon Lists_Water - Granblue Fantasy Wiki_files/100px-Weapon_m_1040711400.jpg,"Bow Voltage II, Snowfall's Exertion"
Branwen_Harp,https://gbf.wiki/Branwen_Harp,water,ssr,3,Branwen Harp,harp,1770,196,./Weapon Lists_Water - Granblue Fantasy Wiki_files/100px-Weapon_m_1040801200.jpg,Hoarfrost's Might
Caduceus_(Water),https://gbf.wiki/Caduceus_(Water),water,ssr,5,Caduceus,staff,3259,435,./Weapon Lists_Water - Granblue Fantasy Wiki_files/100px-Caduceus_(Water)_icon.jpg,"Water's Majesty, Saving Grace II, Tsunami's Garrison"
Calamitous_Aquashade,https://gbf.wiki/Calamitous_Aquashade,water,ssr,4,Calamitous Aquashade,axe,2775,400,./Weapon Lists_Water - Granblue Fantasy Wiki_files/100px-Weapon_m_1040315500.jpg,"Cobalt Vitality, Water's Majesty"
Canisius,https://gbf.wiki/Canisius,water,ssr,3,Canisius,melee,2339,250,./Weapon Lists_Water - Granblue Fantasy Wiki_files/100px-Weapon_m_1040609700.jpg,"Hoarfrost's Might, Tsunami's Dual-Edge"
Chained_Bow_of_Hell_and_Heaven,https://gbf.wiki/Chained_Bow_of_Hell_and_Heaven,water,ssr,3,Chained Bow of Hell and Heaven,bow,1997,186,./Weapon Lists_Water - Granblue Fantasy Wiki_files/100px-Weapon_m_1040712700.jpg,"Armed Flood, Technical Artistry"
Championship_Belt_(Water),https://gbf.wiki/Championship_Belt_(Water),water,ssr,5,Championship Belt,melee,3015,317,./Weapon Lists_Water - Granblue Fantasy Wiki_files/100px-Weapon_m_1040609200.jpg,"Reigning Champ's Nature, Reigning Champ's Essence"
Chanteuse_Angelique_(Water),https://gbf.wiki/Chanteuse_Angelique_(Water),water,ssr,5,Chanteuse Angelique,harp,2840,299,./Weapon Lists_Water - Granblue Fantasy Wiki_files/100px-Weapon_m_1040807700.jpg,"Virtuoso's Nature, Virtuoso's Essence"
Cla%C3%ADomh_Solais,https://gbf.wiki/Cla%C3%ADomh_Solais,water,ssr,4,Cla√≠omh Solais,sabre,2980,259,./Weapon Lists_Water - Granblue Fantasy Wiki_files/100px-Weapon_m_1040001600.jpg,"Hoarfrost's Aegis, Holy Knight's Honor"
Clarion,https://gbf.wiki/Clarion,water,ssr,5,Clarion,gun,3455,237,./Weapon Lists_Water - Granblue Fantasy Wiki_files/100px-Weapon_m_1040511200.jpg,"Armed Flood, Cobalt Arts"
Colomba,https://gbf.wiki/Colomba,water,ssr,4,Colomba,bow,2826,253,./Weapon Lists_Water - Granblue Fantasy Wiki_files/100px-Weapon_m_1040711000.jpg,"Snowfall's Crux, Bow Voltage"
Commander%27s_Sidearm,https://gbf.wiki/Commander%27s_Sidearm,water,ssr,3,Commander's Sidearm,gun,2681,181,./Weapon Lists_Water - Granblue Fantasy Wiki_files/100px-Weapon_m_1040512200.jpg,"Hoarfrost's Might, Preemptive Frost Blade"
Crystal_Bellflowers,https://gbf.wiki/Crystal_Bellflowers,water,ssr,3,Crystal Bellflowers,dagger,2385,245,./Weapon Lists_Water - Granblue Fantasy Wiki_files/100px-Weapon_m_1040111400.jpg,"Tsunami's Grace, Tsunami's Trium"
Crystal_Edge,https://gbf.wiki/Crystal_Edge,water,ssr,3,Crystal Edge,dagger,2382,241,./Weapon Lists_Water - Granblue Fantasy Wiki_files/100px-Weapon_m_1040116500.jpg,"Tsunami's Majesty, Cobalt Arts"
Daemon%27s_Spine,https://gbf.wiki/Daemon%27s_Spine,water,ssr,3,Daemon's Spine,spear,2175,283,./Weapon Lists_Water - Granblue Fantasy Wiki_files/100px-Weapon_m_1040209600.jpg,"Tsunami's Primacy, Water's Aegis"
Dagger_of_Eternal_Splendor,https://gbf.wiki/Dagger_of_Eternal_Splendor,water,ssr,3,Dagger of Eternal Splendor,dagger,999,99,./Weapon Lists_Water - Granblue Fantasy Wiki_files/100px-Weapon_m_1040112800.jpg,
Damascus_Knife_(Water),https://gbf.wiki/Damascus_Knife_(Water),water,ssr,5,Damascus Knife,dagger,3728,640,./Weapon Lists_Water - Granblue Fantasy Wiki_files/100px-Damascus_Knife_(Water)_icon.jpg,"Shady Business II, Cobalt Arts, Cobalt Hunt"
Dante_Alighieri,https://gbf.wiki/Dante_Alighieri,water,ssr,5,Dante Alighieri,harp,2661,282,./Weapon Lists_Water - Granblue Fantasy Wiki_files/100px-Weapon_m_1040809800.jpg,"True Glacial Supremacy, Glacial Frostcage"
Dante%27s_Harp,https://gbf.wiki/Dante%27s_Harp,water,ssr,3,Dante's Harp,harp,1989,220,./Weapon Lists_Water - Granblue Fantasy Wiki_files/100px-Weapon_m_1040809700.jpg,Glacial Supremacy
Dark_Thrasher,https://gbf.wiki/Dark_Thrasher,water,ssr,4,Dark Thrasher,bow,2700,250,./Weapon Lists_Water - Granblue Fantasy Wiki_files/100px-Weapon_m_1040704800.jpg,"Tsunami's Garrison, Tsunami's Majesty"
Dayspring,https://gbf.wiki/Dayspring,water,ssr,4,Dayspring,katana,3550,160,./Weapon Lists_Water - Granblue Fantasy Wiki_files/100px-Weapon_m_1040912300.jpg,"Hoarfrost's Enmity, Tsunami's Verity"
Demonic_Longstaff_(Water),https://gbf.wiki/Demonic_Longstaff_(Water),water,ssr,5,Demonic Longstaff,staff,2940,298,./Weapon Lists_Water - Granblue Fantasy Wiki_files/100px-Weapon_m_1040412300.jpg,"Arcanist's Nature, Arcanist's Essence"
Devil%27s_Finger_(Water),https://gbf.wiki/Devil%27s_Finger_(Water),water,ssr,5,Devil's Finger,dagger,3075,311,./Weapon Lists_Water - Granblue Fantasy Wiki_files/100px-Weapon_m_1040111700.jpg,"Executioner's Nature, Executioner's Essence"
Draco_Horn,https://gbf.wiki/Draco_Horn,water,ssr,4,Draco Horn,spear,2860,270,./Weapon Lists_Water - Granblue Fantasy Wiki_files/100px-Weapon_m_1040211400.jpg,"Hoarfrost's Might, Heated Spearswipe"
Draconic_Buster,https://gbf.wiki/Draconic_Buster,water,ssr,5,Draconic Buster,axe,3831,281,./Weapon Lists_Water - Granblue Fantasy Wiki_files/100px-Weapon_m_1040311900.jpg,"Wamdus's Flood, Four Orbs' Judgment, Six Dragons' Radiance"
Dream_Atlas,https://gbf.wiki/Dream_Atlas,water,ssr,3,Dream Atlas,staff,1700,235,./Weapon Lists_Water - Granblue Fantasy Wiki_files/100px-Weapon_m_1040408300.jpg,Hoarfrost's Might
Durandal,https://gbf.wiki/Durandal,water,ssr,4,Durandal,sabre,3035,263,./Weapon Lists_Water - Granblue Fantasy Wiki_files/100px-Weapon_m_1040000100.jpg,"Hoarfrost's Might II, Tsunami's Verity"
Eight-Life_Katana_Aqua,https://gbf.wiki/Eight-Life_Katana_Aqua,water,ssr,3,Eight-Life Katana Aqua,katana,2720,190,./Weapon Lists_Water - Granblue Fantasy Wiki_files/100px-Weapon_m_1040900800.jpg,Hoarfrost's Might
Eight-Life_Katana_Cobalt,https://gbf.wiki/Eight-Life_Katana_Cobalt,water,ssr,3,Eight-Life Katana Cobalt,katana,2990,210,./Weapon Lists_Water - Granblue Fantasy Wiki_files/100px-Weapon_m_1040901500.jpg,Hoarfrost's Might
Eighth_Shear_of_the_Flock,https://gbf.wiki/Eighth_Shear_of_the_Flock,water,ssr,3,Eighth Shear of the Flock,katana,2707,180,./Weapon Lists_Water - Granblue Fantasy Wiki_files/100px-Weapon_m_1040915400.jpg,"Hoarfrost's Verity, Cobalt Craft"
Esna,https://gbf.wiki/Esna,water,ssr,4,Esna,staff,2252,355,./Weapon Lists_Water - Granblue Fantasy Wiki_files/100px-Weapon_m_1040420600.jpg,"Snowfall's Fortitude, Tsunami's Enmity"
Excalibur_(Water),https://gbf.wiki/Excalibur_(Water),water,ssr,5,Excalibur,sabre,3792,316,./Weapon Lists_Water - Granblue Fantasy Wiki_files/100px-Excalibur_(Water)_icon.jpg,"Hoarfrost's Garrison, Rightway Pathfinder II, Tsunami's Stamina"
Exitosus,https://gbf.wiki/Exitosus,water,ssr,4,Exitosus,katana,3210,229,./Weapon Lists_Water - Granblue Fantasy Wiki_files/100px-Weapon_m_1040900200.jpg,"Hoarfrost's Might II, Tsunami's Aegis"
Exo_Antaeus,https://gbf.wiki/Exo_Antaeus,water,ssr,4,Exo Antaeus,gun,3012,204,./Weapon Lists_Water - Granblue Fantasy Wiki_files/100px-Weapon_m_1040516300.jpg,"Glacial Supremacy, Chthonian Bewailer's Sanctity"
Exuberant_Lance,https://gbf.wiki/Exuberant_Lance,water,ssr,3,Exuberant Lance,spear,2271,263,./Weapon Lists_Water - Granblue Fantasy Wiki_files/100px-Weapon_m_1040218400.jpg,"Tsunami's Aegis, Tsunami's Garrison"
Fateless,https://gbf.wiki/Fateless,water,ssr,5,Fateless,sabre,3104,269,./Weapon Lists_Water - Granblue Fantasy Wiki_files/100px-Weapon_m_1040019700.jpg,"Verglas Sovereign, Astral Thrust II"
Faust_Aqua,https://gbf.wiki/Faust_Aqua,water,ssr,4,Faust Aqua,dagger,2680,270,./Weapon Lists_Water - Granblue Fantasy Wiki_files/100px-Weapon_m_1040104900.jpg,"Nature's Truth, Forbidden Training"
Fediel_Float,https://gbf.wiki/Fediel_Float,water,ssr,3,Fediel Float,harp,2223,273,./Weapon Lists_Water - Granblue Fantasy Wiki_files/100px-Weapon_m_1040815800.jpg,Hoarfrost's Glory
Fimbul,https://gbf.wiki/Fimbul,water,ssr,4,Fimbul,bow,2370,220,./Weapon Lists_Water - Granblue Fantasy Wiki_files/100px-Weapon_m_1040705000.jpg,"Hoarfrost's Stamina, Water's Aegis"
First_Fright_of_the_Mischief,https://gbf.wiki/First_Fright_of_the_Mischief,water,ssr,4,First Fright of the Mischief,staff,2354,397,./Weapon Lists_Water - Granblue Fantasy Wiki_files/100px-Weapon_m_1040422100.jpg,"Tsunami's Might, Tsunami's Grace, Cobalt Arts"
Five-Soul_Staff_Aqua,https://gbf.wiki/Five-Soul_Staff_Aqua,water,ssr,3,Five-Soul Staff Aqua,staff,2200,290,./Weapon Lists_Water - Granblue Fantasy Wiki_files/100px-Weapon_m_1040402200.jpg,Hoarfrost's Might
Five-Soul_Staff_Cobalt,https://gbf.wiki/Five-Soul_Staff_Cobalt,water,ssr,3,Five-Soul Staff Cobalt,staff,2420,320,./Weapon Lists_Water - Granblue Fantasy Wiki_files/100px-Weapon_m_1040403200.jpg,Hoarfrost's Might
Four-Sky_Blade_Aqua,https://gbf.wiki/Four-Sky_Blade_Aqua,water,ssr,3,Four-Sky Blade Aqua,dagger,2430,243,./Weapon Lists_Water - Granblue Fantasy Wiki_files/100px-Weapon_m_1040102400.jpg,Hoarfrost's Might
Four-Sky_Blade_Cobalt,https://gbf.wiki/Four-Sky_Blade_Cobalt,water,ssr,3,Four-Sky Blade Cobalt,dagger,2680,268,./Weapon Lists_Water - Granblue Fantasy Wiki_files/100px-Weapon_m_1040103200.jpg,Hoarfrost's Might
Freikugel_(Water),https://gbf.wiki/Freikugel_(Water),water,ssr,5,Freikugel,gun,4069,277,./Weapon Lists_Water - Granblue Fantasy Wiki_files/100px-Freikugel_(Water)_icon.jpg,"Hoarfrost's Tyranny, Golden Advent II, Tsunami's Trium"
Frostbite,https://gbf.wiki/Frostbite,water,ssr,3,Frostbite,sabre,2575,205,./Weapon Lists_Water - Granblue Fantasy Wiki_files/100px-Weapon_m_1040012500.jpg,"Hoarfrost's Might, Water's Mystery"
Froststar_Staff,https://gbf.wiki/Froststar_Staff,water,ssr,3,Froststar Staff,staff,2095,300,./Weapon Lists_Water - Granblue Fantasy Wiki_files/100px-Weapon_m_1040415200.jpg,"Tsunami's Essence, Tsunami's Trium"
Gae_Bulg_(Water),https://gbf.wiki/Gae_Bulg_(Water),water,ssr,5,Gae Bulg,spear,3496,391,./Weapon Lists_Water - Granblue Fantasy Wiki_files/100px-Gae_Bulg_(Water)_icon.jpg,"Hoarfrost's Progression, One Sting, One Kill II, Tsunami's Verity"
Galilei%27s_Insight,https://gbf.wiki/Galilei%27s_Insight,water,ssr,4,Galilei's Insight,spear,3044,345,./Weapon Lists_Water - Granblue Fantasy Wiki_files/100px-Weapon_m_1040211600.jpg,"Hoarfrost's Stamina II, Tsunami's Restraint"
Glacial_Militis,https://gbf.wiki/Glacial_Militis,water,ssr,3,Glacial Militis,staff,1989,268,./Weapon Lists_Water - Granblue Fantasy Wiki_files/100px-Weapon_m_1040421200.jpg,"Oceansoul's Majesty III, Fortified Staff"
Gleipnir,https://gbf.wiki/Gleipnir,water,ssr,4,Gleipnir,axe,2465,182,./Weapon Lists_Water - Granblue Fantasy Wiki_files/100px-Weapon_m_1040301500.jpg,"Hoarfrost's Dual-Edge, Water's Might"
God_Incoming,https://gbf.wiki/God_Incoming,water,ssr,3,God Incoming,axe,2175,145,./Weapon Lists_Water - Granblue Fantasy Wiki_files/100px-Weapon_m_1040311000.jpg,"Fresh Catch's Might, Tuna Toss"
Gospel_of_Water_and_Sky,https://gbf.wiki/Gospel_of_Water_and_Sky,water,ssr,4,Gospel of Water and Sky,dagger,3002,354,./Weapon Lists_Water - Granblue Fantasy Wiki_files/100px-Weapon_m_1040117800.jpg,"Snowfall's Pact, Dagger Voltage II, Snowfall's Quintessence"
Gottfried,https://gbf.wiki/Gottfried,water,ssr,4,Gottfried,sabre,3160,250,./Weapon Lists_Water - Granblue Fantasy Wiki_files/100px-Weapon_m_1040016000.jpg,"Hoarfrost's Might, Water's Mystery, Aquae Excelsior"
Guardian%27s_Xiphos_(Water),https://gbf.wiki/Guardian%27s_Xiphos_(Water),water,ssr,5,Guardian's Xiphos,sabre,3215,279,./Weapon Lists_Water - Granblue Fantasy Wiki_files/100px-Weapon_m_1040012700.jpg,"Legionnaire's Nature, Legionnaire's Essence"
Hallowed_Pilgrimage_(Water),https://gbf.wiki/Hallowed_Pilgrimage_(Water),water,ssr,5,Hallowed Pilgrimage,staff,2770,368,./Weapon Lists_Water - Granblue Fantasy Wiki_files/100px-Weapon_m_1040411700.jpg,"Saint's Nature, Saint's Essence"
Hand_Cannon,https://gbf.wiki/Hand_Cannon,water,ssr,3,Hand Cannon,gun,2181,140,./Weapon Lists_Water - Granblue Fantasy Wiki_files/100px-Weapon_m_1040515500.jpg,"Armed Flood, Technical Artistry"
Hellion_Gauntlet_Aqua,https://gbf.wiki/Hellion_Gauntlet_Aqua,water,ssr,4,Hellion Gauntlet Aqua,melee,2640,277,./Weapon Lists_Water - Granblue Fantasy Wiki_files/100px-Weapon_m_1040603400.jpg,"Harbinger of Destruction, Strength to Spare"
Helmholtz_(Water),https://gbf.wiki/Helmholtz_(Water),water,ssr,5,Helmholtz,harp,2826,300,./Weapon Lists_Water - Granblue Fantasy Wiki_files/100px-Weapon_m_1040811000.jpg,"Shredder's Nature, Shredder's Essence"
Helmwige_(Water),https://gbf.wiki/Helmwige_(Water),water,ssr,5,Helmwige,spear,2950,332,./Weapon Lists_Water - Granblue Fantasy Wiki_files/100px-Weapon_m_1040209800.jpg,"Wanderer's Nature, Wanderer's Essence"
Hercules_(Water),https://gbf.wiki/Hercules_(Water),water,ssr,5,Hercules,bow,3806,345,./Weapon Lists_Water - Granblue Fantasy Wiki_files/100px-Hercules_(Water)_icon.jpg,"Tsunami's Restraint, Slayer of Immortals II, Water's Celere"
Highland_Cougar,https://gbf.wiki/Highland_Cougar,water,ssr,3,Highland Cougar,gun,2691,179,./Weapon Lists_Water - Granblue Fantasy Wiki_files/100px-Weapon_m_1040515600.jpg,"Hoarfrost's Might, Water's Garrison"
Hoarfrost_Blade_Persius,https://gbf.wiki/Hoarfrost_Blade_Persius,water,ssr,4,Hoarfrost Blade Persius,dagger,2790,282,./Weapon Lists_Water - Granblue Fantasy Wiki_files/100px-Weapon_m_1040102100.jpg,"Hoarfrost's Might, Swiftblade Oath"
Hollowsky_Staff,https://gbf.wiki/Hollowsky_Staff,water,ssr,4,Hollowsky Staff,staff,2660,360,./Weapon Lists_Water - Granblue Fantasy Wiki_files/100px-Weapon_m_1040414700.jpg,"Voidsung Grasp, Victorious Covenant"
Hraesvelgr,https://gbf.wiki/Hraesvelgr,water,ssr,4,Hraesvelgr,gun,3654,246,./Weapon Lists_Water - Granblue Fantasy Wiki_files/100px-Weapon_m_1040515200.jpg,"Geisa Ari, Einar, Mikill Las"
Ice_Claymore,https://gbf.wiki/Ice_Claymore,water,ssr,4,Ice Claymore,sabre,2448,208,./Weapon Lists_Water - Granblue Fantasy Wiki_files/100px-Weapon_m_1040016200.jpg,"Frozen Blade, Ice Sprite Magic"
Ice_Crystal_Staff,https://gbf.wiki/Ice_Crystal_Staff,water,ssr,4,Ice Crystal Staff,staff,2520,326,./Weapon Lists_Water - Granblue Fantasy Wiki_files/100px-Weapon_m_1040400900.jpg,"Hoarfrost's Aegis, Water's Might, Ice Cage Aura"
Ipetam_Aqua,https://gbf.wiki/Ipetam_Aqua,water,ssr,4,Ipetam Aqua,dagger,2710,265,./Weapon Lists_Water - Granblue Fantasy Wiki_files/100px-Weapon_m_1040104200.jpg,"Hunger for Chaos, The Butcher's Knife"
Izayoi,https://gbf.wiki/Izayoi,water,ssr,3,Izayoi,katana,2686,184,./Weapon Lists_Water - Granblue Fantasy Wiki_files/100px-Weapon_m_1040908400.jpg,"Hoarfrost's Might, Water's Mystery"
John_Doe_(Water),https://gbf.wiki/John_Doe_(Water),water,ssr,5,John Doe,gun,3475,231,./Weapon Lists_Water - Granblue Fantasy Wiki_files/100px-Weapon_m_1040510700.jpg,"Gunslinger's Nature, Gunslinger's Essence"
Judgment_of_Torrential_Tides,https://gbf.wiki/Judgment_of_Torrential_Tides,water,ssr,5,Judgment of Torrential Tides,axe,4019,294,./Weapon Lists_Water - Granblue Fantasy Wiki_files/100px-Weapon_m_1040316500.jpg,"Wamdus's Flood, Six Pillars' Judgment, Six Dragons' Radiance"
Kanabo_(Water),https://gbf.wiki/Kanabo_(Water),water,ssr,5,Kanabo,staff,2872,348,./Weapon Lists_Water - Granblue Fantasy Wiki_files/100px-Weapon_m_1040417300.jpg,"Warrior Monk's Nature, Warrior Monk's Apex"
Kapilavastu,https://gbf.wiki/Kapilavastu,water,ssr,3,Kapilavastu,staff,2040,276,./Weapon Lists_Water - Granblue Fantasy Wiki_files/100px-Weapon_m_1040406000.jpg,"Gate of Wisdom, Whispers of Death"
Kapilavastu_Aqua,https://gbf.wiki/Kapilavastu_Aqua,water,ssr,4,Kapilavastu Aqua,staff,2410,320,./Weapon Lists_Water - Granblue Fantasy Wiki_files/100px-Weapon_m_1040406300.jpg,"Gate of Wisdom, Whispers of Death"
Kapilavastu_Rebirth,https://gbf.wiki/Kapilavastu_Rebirth,water,ssr,3,Kapilavastu Rebirth,staff,2060,278,./Weapon Lists_Water - Granblue Fantasy Wiki_files/100px-Kapilavastu_Rebirth_icon.jpg,"Gate of Wisdom, Whispers of Death"
Keeper_of_Hallowed_Ground,https://gbf.wiki/Keeper_of_Hallowed_Ground,water,ssr,4,Keeper of Hallowed Ground,sabre,2810,240,./Weapon Lists_Water - Granblue Fantasy Wiki_files/100px-Weapon_m_1040011200.jpg,"Hoarfrost's Might II, Chain Force"
Keraunos_Aqua,https://gbf.wiki/Keraunos_Aqua,water,ssr,4,Keraunos Aqua,staff,2570,265,./Weapon Lists_Water - Granblue Fantasy Wiki_files/100px-Weapon_m_1040405400.jpg,"Thunder's Roar, Act of God"
King%27s_Thruster,https://gbf.wiki/King%27s_Thruster,water,ssr,3,King's Thruster,melee,1872,202,./Weapon Lists_Water - Granblue Fantasy Wiki_files/100px-Weapon_m_1040617600.jpg,"Armed Flood, Synchronized Artistry"
Knight_of_Ice,https://gbf.wiki/Knight_of_Ice,water,ssr,4,Knight of Ice,dagger,3170,320,./Weapon Lists_Water - Granblue Fantasy Wiki_files/100px-Weapon_m_1040115600.jpg,"Hoarfrost's Tempering, Water's Majesty"
Kris_of_Hypnos,https://gbf.wiki/Kris_of_Hypnos,water,ssr,4,Kris of Hypnos,dagger,2677,271,./Weapon Lists_Water - Granblue Fantasy Wiki_files/100px-Weapon_m_1040112300.jpg,"Tsunami's Primacy, Aquae Excelsior"
Kusanagi_(Water),https://gbf.wiki/Kusanagi_(Water),water,ssr,5,Kusanagi,katana,3425,243,./Weapon Lists_Water - Granblue Fantasy Wiki_files/100px-Weapon_m_1040914700.jpg,"Venerator's Nature, Venerator's Apex"
Lagrange,https://gbf.wiki/Lagrange,water,ssr,4,Lagrange,melee,2936,302,./Weapon Lists_Water - Granblue Fantasy Wiki_files/100px-Weapon_m_1040617900.jpg,"Cobalt Enforcement, Zenith Art"
Lagrange_Mk_II,https://gbf.wiki/Lagrange_Mk_II,water,ssr,4,Lagrange Mk II,melee,3192,328,./Weapon Lists_Water - Granblue Fantasy Wiki_files/100px-Weapon_m_1040618000.jpg,"Cobalt Enforcement, Zenith Art"
Langeleik,https://gbf.wiki/Langeleik,water,ssr,3,Langeleik,harp,2100,232,./Weapon Lists_Water - Granblue Fantasy Wiki_files/100px-Weapon_m_1040801300.jpg,"Lost Song of the Sages, Banquet of Joy"
Langeleik_Aqua,https://gbf.wiki/Langeleik_Aqua,water,ssr,4,Langeleik Aqua,harp,2480,266,./Weapon Lists_Water - Granblue Fantasy Wiki_files/100px-Weapon_m_1040803000.jpg,"Lost Song of the Sages, Banquet of Joy"
Langeleik_Rebirth,https://gbf.wiki/Langeleik_Rebirth,water,ssr,3,Langeleik Rebirth,harp,2120,233,./Weapon Lists_Water - Granblue Fantasy Wiki_files/100px-Langeleik_Rebirth_icon.jpg,"Lost Song of the Sages, Banquet of Joy"
Leviathan_Bow_Omega,https://gbf.wiki/Leviathan_Bow_Omega,water,ssr,5,Leviathan Bow Omega,bow,2830,261,./Weapon Lists_Water - Granblue Fantasy Wiki_files/100px-Weapon_m_1040700700.jpg,Oceansoul's Aegis II
Leviathan_Gaze_Omega,https://gbf.wiki/Leviathan_Gaze_Omega,water,ssr,5,Leviathan Gaze Omega,dagger,2700,273,./Weapon Lists_Water - Granblue Fantasy Wiki_files/100px-Weapon_m_1040101500.jpg,Oceansoul's Might II
Leviathan_Scepter_Omega,https://gbf.wiki/Leviathan_Scepter_Omega,water,ssr,5,Leviathan Scepter Omega,staff,2430,328,./Weapon Lists_Water - Granblue Fantasy Wiki_files/100px-Weapon_m_1040401400.jpg,Oceansoul's Healing II
Leviathan_Spear_Omega,https://gbf.wiki/Leviathan_Spear_Omega,water,ssr,5,Leviathan Spear Omega,spear,2590,295,./Weapon Lists_Water - Granblue Fantasy Wiki_files/100px-Weapon_m_1040205100.jpg,Oceansoul's Verity II
Lunatic_Broom_(Water),https://gbf.wiki/Lunatic_Broom_(Water),water,ssr,5,Lunatic Broom,staff,2750,365,./Weapon Lists_Water - Granblue Fantasy Wiki_files/100px-Weapon_m_1040413500.jpg,"Nightbender's Nature, Nightbender's Essence"
Manawydan_Blade,https://gbf.wiki/Manawydan_Blade,water,ssr,3,Manawydan Blade,sabre,2015,175,./Weapon Lists_Water - Granblue Fantasy Wiki_files/100px-Weapon_m_1040001700.jpg,Hoarfrost's Aegis
Manawydan_Gauntlet,https://gbf.wiki/Manawydan_Gauntlet,water,ssr,3,Manawydan Gauntlet,melee,1880,202,./Weapon Lists_Water - Granblue Fantasy Wiki_files/100px-Weapon_m_1040600400.jpg,Hoarfrost's Aegis
Maritozzo,https://gbf.wiki/Maritozzo,water,ssr,3,Maritozzo,melee,2285,244,./Weapon Lists_Water - Granblue Fantasy Wiki_files/100px-Weapon_m_1040616100.jpg,"Hoarfrost's Enmity, Water's Garrison"
Maverick_(Water),https://gbf.wiki/Maverick_(Water),water,ssr,5,Maverick,bow,3210,293,./Weapon Lists_Water - Granblue Fantasy Wiki_files/100px-Weapon_m_1040707600.jpg,"Shadowhound's Nature, Shadowhound's Essence"
Melodic_Sphere,https://gbf.wiki/Melodic_Sphere,water,ssr,4,Melodic Sphere,harp,2720,284,./Weapon Lists_Water - Granblue Fantasy Wiki_files/100px-Weapon_m_1040802600.jpg,"Hoarfrost's Aegis, Zion's Aegis, Dreamward Gate"
Metal_Hand,https://gbf.wiki/Metal_Hand,water,ssr,3,Metal Hand,melee,2350,250,./Weapon Lists_Water - Granblue Fantasy Wiki_files/100px-Weapon_m_1040606700.jpg,"Hoarfrost's Tyranny, Water's Verity"
Meteora,https://gbf.wiki/Meteora,water,ssr,4,Meteora,gun,3330,230,./Weapon Lists_Water - Granblue Fantasy Wiki_files/100px-Weapon_m_1040505900.jpg,"Hoarfrost's Might, Water's Enmity, Water's Garrison"
Mezieres_(Water),https://gbf.wiki/Mezieres_(Water),water,ssr,5,Mezieres,gun,3033,312,./Weapon Lists_Water - Granblue Fantasy Wiki_files/100px-Weapon_m_1040512700.jpg,"Dragoon's Nature, Dragoon's Apex"
Midnight_Rose,https://gbf.wiki/Midnight_Rose,water,ssr,3,Midnight Rose,dagger,2382,241,./Weapon Lists_Water - Granblue Fantasy Wiki_files/100px-Weapon_m_1040113100.jpg,"Hoarfrost's Might, Water's Verity"
Misericorde_Aqua,https://gbf.wiki/Misericorde_Aqua,water,ssr,4,Misericorde Aqua,dagger,2690,270,./Weapon Lists_Water - Granblue Fantasy Wiki_files/100px-Weapon_m_1040105800.jpg,"Twilight, Wicked Fangs"
Mjolnir_(Water),https://gbf.wiki/Mjolnir_(Water),water,ssr,5,Mjolnir,axe,3977,283,./Weapon Lists_Water - Granblue Fantasy Wiki_files/100px-Mjolnir_(Water)_icon.jpg,"Tsunami's Fandango, War God's Swing II, Water's Celere"
Montague%27s_Oath,https://gbf.wiki/Montague%27s_Oath,water,ssr,3,Montague's Oath,staff,2175,283,./Weapon Lists_Water - Granblue Fantasy Wiki_files/100px-Weapon_m_1040408900.jpg,"Hoarfrost's Might, Preemptive Ice Wall"
Much_Ado,https://gbf.wiki/Much_Ado,water,ssr,3,Much Ado,spear,2301,257,./Weapon Lists_Water - Granblue Fantasy Wiki_files/100px-Weapon_m_1040214900.jpg,"Hoarfrost's Enmity, Cobalt Arts"
Murakumo_Aqua,https://gbf.wiki/Murakumo_Aqua,water,ssr,4,Murakumo Aqua,katana,3000,211,./Weapon Lists_Water - Granblue Fantasy Wiki_files/100px-Weapon_m_1040903000.jpg,"Spirit of the Morning Star, Greatsnake's Lord-Sword"
Muramasa_Aqua,https://gbf.wiki/Muramasa_Aqua,water,ssr,4,Muramasa Aqua,katana,3020,207,./Weapon Lists_Water - Granblue Fantasy Wiki_files/100px-Weapon_m_1040903700.jpg,"Safeguard, Dark Demon-Edge"
Murgleis,https://gbf.wiki/Murgleis,water,ssr,4,Murgleis,sabre,3340,290,./Weapon Lists_Water - Granblue Fantasy Wiki_files/100px-Weapon_m_1040004600.jpg,"Hoarfrost's Might III, Water's Trium"
Mystique,https://gbf.wiki/Mystique,water,ssr,4,Mystique,spear,2789,309,./Weapon Lists_Water - Granblue Fantasy Wiki_files/100px-Weapon_m_1040217800.jpg,"Hoarfrost's Bloodshed, Water's Enmity, Tsunami's Might"
Nagelring,https://gbf.wiki/Nagelring,water,ssr,4,Nagelring,sabre,3020,260,./Weapon Lists_Water - Granblue Fantasy Wiki_files/100px-Weapon_m_1040009300.jpg,"Hoarfrost's Might, Tsunami's Verity, Cobalt Craft"
Nebuchad_Aqua,https://gbf.wiki/Nebuchad_Aqua,water,ssr,4,Nebuchad Aqua,gun,3040,200,./Weapon Lists_Water - Granblue Fantasy Wiki_files/100px-Weapon_m_1040503800.jpg,"God of Death, Consecrated Sacrifice"
Neptune%27s_Trident,https://gbf.wiki/Neptune%27s_Trident,water,ssr,3,Neptune's Trident,spear,2005,230,./Weapon Lists_Water - Granblue Fantasy Wiki_files/100px-Weapon_m_1040206900.jpg,Enriching Elevation
Nereus_Staff,https://gbf.wiki/Nereus_Staff,water,ssr,4,Nereus Staff,staff,2648,338,./Weapon Lists_Water - Granblue Fantasy Wiki_files/100px-Weapon_m_1040416100.jpg,"Hoarfrost's Might, Tsunami's Progression, Proteus's Prophecy"
Nichirin_Sword,https://gbf.wiki/Nichirin_Sword,water,ssr,4,Nichirin Sword,katana,2580,187,./Weapon Lists_Water - Granblue Fantasy Wiki_files/100px-Weapon_m_1040912700.jpg,"Ebony Blade, Member of the Corps"
Nine-Realm_Harp_Aqua,https://gbf.wiki/Nine-Realm_Harp_Aqua,water,ssr,3,Nine-Realm Harp Aqua,harp,2250,250,./Weapon Lists_Water - Granblue Fantasy Wiki_files/100px-Weapon_m_1040800600.jpg,Hoarfrost's Might
Nine-Realm_Harp_Cobalt,https://gbf.wiki/Nine-Realm_Harp_Cobalt,water,ssr,3,Nine-Realm Harp Cobalt,harp,2470,275,./Weapon Lists_Water - Granblue Fantasy Wiki_files/100px-Weapon_m_1040801500.jpg,Hoarfrost's Might
Ninth_Head_of_the_Cartload,https://gbf.wiki/Ninth_Head_of_the_Cartload,water,ssr,4,Ninth Head of the Cartload,axe,2880,291,./Weapon Lists_Water - Granblue Fantasy Wiki_files/100px-Weapon_m_1040314200.jpg,"Tsunami's Majesty, Tsunami's Progression"
Nirvana_Aqua,https://gbf.wiki/Nirvana_Aqua,water,ssr,4,Nirvana Aqua,staff,2420,322,./Weapon Lists_Water - Granblue Fantasy Wiki_files/100px-Weapon_m_1040404700.jpg,"Serenity's Mead, Reincarnation"
Ocean_Harp,https://gbf.wiki/Ocean_Harp,water,ssr,3,Ocean Harp,harp,2210,245,./Weapon Lists_Water - Granblue Fantasy Wiki_files/100px-Weapon_m_1040800200.jpg,Hoarfrost's Aegis
Ocean%27s_Klein,https://gbf.wiki/Ocean%27s_Klein,water,ssr,3,Ocean's Klein,harp,2228,270,./Weapon Lists_Water - Granblue Fantasy Wiki_files/100px-Weapon_m_1040814700.jpg,"Tsunami's Stamina, Water's Sentence"
Oliver_Aqua,https://gbf.wiki/Oliver_Aqua,water,ssr,4,Oliver Aqua,gun,3030,200,./Weapon Lists_Water - Granblue Fantasy Wiki_files/100px-Weapon_m_1040502900.jpg,"Loki's Wit, Making a Killing"
One-Rift_Spear_Aqua,https://gbf.wiki/One-Rift_Spear_Aqua,water,ssr,3,One-Rift Spear Aqua,spear,2330,265,./Weapon Lists_Water - Granblue Fantasy Wiki_files/100px-Weapon_m_1040202300.jpg,Hoarfrost's Might
One-Rift_Spear_Cobalt,https://gbf.wiki/One-Rift_Spear_Cobalt,water,ssr,3,One-Rift Spear Cobalt,spear,2570,295,./Weapon Lists_Water - Granblue Fantasy Wiki_files/100px-Weapon_m_1040203200.jpg,Hoarfrost's Might
Only_for_a_Cutie,https://gbf.wiki/Only_for_a_Cutie,water,ssr,4,Only for a Cutie,staff,2784,312,./Weapon Lists_Water - Granblue Fantasy Wiki_files/100px-Weapon_m_1040415600.jpg,"Tsunami's Celere, Transcendent Cuteness"
Ophelia,https://gbf.wiki/Ophelia,water,ssr,4,Ophelia,harp,2360,390,./Weapon Lists_Water - Granblue Fantasy Wiki_files/100px-Weapon_m_1040813000.jpg,"Water's Majesty, Tsunami's Aegis, Tsunami's Healing"
Original_Sin_(Water),https://gbf.wiki/Original_Sin_(Water),water,ssr,5,Original Sin,sabre,3100,304,./Weapon Lists_Water - Granblue Fantasy Wiki_files/100px-Weapon_m_1040013300.jpg,"Vigilante's Nature, Vigilante's Essence"
Phantom_Thief_Blade,https://gbf.wiki/Phantom_Thief_Blade,water,ssr,3,Phantom Thief Blade,dagger,2380,241,./Weapon Lists_Water - Granblue Fantasy Wiki_files/100px-Weapon_m_1040108000.jpg,"Hoarfrost's Might, Water's Clarity"
Pina_Colata_Cleaver,https://gbf.wiki/Pina_Colata_Cleaver,water,ssr,4,Pina Colata Cleaver,dagger,2240,227,./Weapon Lists_Water - Granblue Fantasy Wiki_files/100px-Weapon_m_1040103900.jpg,Mysterious ATK II
Plasma_Slicer,https://gbf.wiki/Plasma_Slicer,water,ssr,4,Plasma Slicer,gun,3240,220,./Weapon Lists_Water - Granblue Fantasy Wiki_files/100px-Weapon_m_1040514400.jpg,"Hoarfrost's Mystery, Cobalt Arts, Aquae Excelsior"
Plushie_Pal,https://gbf.wiki/Plushie_Pal,water,ssr,4,Plushie Pal,harp,2420,340,./Weapon Lists_Water - Granblue Fantasy Wiki_files/100px-Weapon_m_1040811700.jpg,"Tsunami's Progression, Water's Grace, Water's Majesty"
Proelium,https://gbf.wiki/Proelium,water,ssr,3,Proelium,sabre,2592,199,./Weapon Lists_Water - Granblue Fantasy Wiki_files/100px-Weapon_m_1040019800.jpg,"Hoarfrost's Might, Mutiny's Frost Blade"
Prototype_Reboot_(Water),https://gbf.wiki/Prototype_Reboot_(Water),water,ssr,5,Prototype Reboot,sabre,3219,268,./Weapon Lists_Water - Granblue Fantasy Wiki_files/100px-Weapon_m_1040021200.jpg,"Contractor's Nature, Contractor's Apex"
Proximo_Aqua,https://gbf.wiki/Proximo_Aqua,water,ssr,4,Proximo Aqua,sabre,2690,270,./Weapon Lists_Water - Granblue Fantasy Wiki_files/100px-Weapon_m_1040017600.jpg,"Warspirit's Sword Dance, Two-Sword Tech"
Psycho_Syringe_(Water),https://gbf.wiki/Psycho_Syringe_(Water),water,ssr,5,Psycho Syringe,gun,3065,309,./Weapon Lists_Water - Granblue Fantasy Wiki_files/100px-Weapon_m_1040509800.jpg,"Doctor's Nature, Doctor's Essence"
Raikiri,https://gbf.wiki/Raikiri,water,ssr,3,Raikiri,katana,2660,189,./Weapon Lists_Water - Granblue Fantasy Wiki_files/100px-Weapon_m_1040905700.jpg,"Hoarfrost's Might, Inferno's Might"
Rainbow_Bow,https://gbf.wiki/Rainbow_Bow,water,ssr,4,Rainbow Bow,bow,3020,279,./Weapon Lists_Water - Granblue Fantasy Wiki_files/100px-Weapon_m_1040700200.jpg,"Hoarfrost's Aegis II, Tsunami's Might"
Rainbow_Lyre,https://gbf.wiki/Rainbow_Lyre,water,ssr,4,Rainbow Lyre,harp,2665,333,./Weapon Lists_Water - Granblue Fantasy Wiki_files/100px-Weapon_m_1040814200.jpg,"Hoarfrost's Verity, Water's Might, Cobalt Arts"
Ravening_Harpoon,https://gbf.wiki/Ravening_Harpoon,water,ssr,3,Ravening Harpoon,spear,1850,315,./Weapon Lists_Water - Granblue Fantasy Wiki_files/100px-Weapon_m_1040216200.jpg,"Hoarfrost's Enmity, Water's Might"
Reflection_of_The_Moon,https://gbf.wiki/Reflection_of_The_Moon,water,ssr,5,Reflection of The Moon,bow,3285,304,./Weapon Lists_Water - Granblue Fantasy Wiki_files/100px-Weapon_m_1040710700.jpg,"High Priestess-Moon's Bewitching, Sephira Maxi-Water, Water's Majesty"
Reveiller,https://gbf.wiki/Reveiller,water,ssr,4,Reveiller,dagger,2894,290,./Weapon Lists_Water - Granblue Fantasy Wiki_files/100px-Weapon_m_1040114800.jpg,"Hoarfrost's Verity, Cobalt Craft"
Ridill_(Water),https://gbf.wiki/Ridill_(Water),water,ssr,5,Ridill,sabre,3300,275,./Weapon Lists_Water - Granblue Fantasy Wiki_files/100px-Weapon_m_1040014500.jpg,"Paragon's Nature, Paragon's Essence"
Ringed_Armguards_(Water),https://gbf.wiki/Ringed_Armguards_(Water),water,ssr,5,Ringed Armguards,melee,2961,345,./Weapon Lists_Water - Granblue Fantasy Wiki_files/100px-Weapon_m_1040613200.jpg,"Enlightened Monk's Nature, Enlightened Monk's Apex"
Rip_Van_Winkle_(Water),https://gbf.wiki/Rip_Van_Winkle_(Water),water,ssr,5,Rip Van Winkle,harp,2638,339,./Weapon Lists_Water - Granblue Fantasy Wiki_files/100px-Weapon_m_1040812200.jpg,"Kind Woodcutter's Nature, Kind Woodcutter's Apex"
Rise_of_Justice,https://gbf.wiki/Rise_of_Justice,water,ssr,5,Rise of Justice,sabre,3300,286,./Weapon Lists_Water - Granblue Fantasy Wiki_files/100px-Weapon_m_1040020800.jpg,"Empress-Justice's Virtue, Sephira Maxi-Water, Water's Majesty"
Romulus_Spear_Aqua,https://gbf.wiki/Romulus_Spear_Aqua,water,ssr,4,Romulus Spear Aqua,spear,2580,290,./Weapon Lists_Water - Granblue Fantasy Wiki_files/100px-Weapon_m_1040204400.jpg,"The Light in the Dark, Warlord's Lance"
Rose_Crystal_Harp,https://gbf.wiki/Rose_Crystal_Harp,water,ssr,3,Rose Crystal Harp,harp,2120,240,./Weapon Lists_Water - Granblue Fantasy Wiki_files/100px-Weapon_m_1040806300.jpg,"Ice Rose Brier, Ice Rose Bud"
Rose_Crystal_Sword,https://gbf.wiki/Rose_Crystal_Sword,water,ssr,3,Rose Crystal Sword,sabre,2320,204,./Weapon Lists_Water - Granblue Fantasy Wiki_files/100px-Weapon_m_1040009700.jpg,"Ice Rose Thorns, Ice Rose Barrier"
Rosenbogen_Aqua,https://gbf.wiki/Rosenbogen_Aqua,water,ssr,4,Rosenbogen Aqua,bow,2810,256,./Weapon Lists_Water - Granblue Fantasy Wiki_files/100px-Weapon_m_1040702800.jpg,"Arrow Storm, Battlefield Tribulations"
Rudolfina_(Water),https://gbf.wiki/Rudolfina_(Water),water,ssr,5,Rudolfina,dagger,3114,300,./Weapon Lists_Water - Granblue Fantasy Wiki_files/100px-Weapon_m_1040114300.jpg,"Dancer's Nature, Dancer's Essence"
Savior_of_Hallowed_Ground,https://gbf.wiki/Savior_of_Hallowed_Ground,water,ssr,4,Savior of Hallowed Ground,staff,2420,320,./Weapon Lists_Water - Granblue Fantasy Wiki_files/100px-Weapon_m_1040415700.jpg,"Hoarfrost's Stamina, Staff Resonance"
Scarlet_Vane,https://gbf.wiki/Scarlet_Vane,water,ssr,4,Scarlet Vane,melee,2730,290,./Weapon Lists_Water - Granblue Fantasy Wiki_files/100px-Weapon_m_1040602500.jpg,"Hoarfrost's Might, Inferno's Aegis, Dancer's Discipline"
Schrodinger,https://gbf.wiki/Schrodinger,water,ssr,4,Schrodinger,katana,3315,234,./Weapon Lists_Water - Granblue Fantasy Wiki_files/100px-Weapon_m_1040913800.jpg,"Blade's Wrath, Snowfall's Quenching, Snowfall's Ascendancy"
Schrodinger_Mk_II,https://gbf.wiki/Schrodinger_Mk_II,water,ssr,4,Schrodinger Mk II,katana,3603,254,./Weapon Lists_Water - Granblue Fantasy Wiki_files/100px-Weapon_m_1040915900.jpg,"Blade's Wrath, Snowfall's Quenching, Snowfall's Ascendancy"
Second_Boss_of_the_Herd,https://gbf.wiki/Second_Boss_of_the_Herd,water,ssr,3,Second Boss of the Herd,melee,2240,270,./Weapon Lists_Water - Granblue Fantasy Wiki_files/100px-Weapon_m_1040617000.jpg,Hoarfrost's Stamina
Selene_(Water),https://gbf.wiki/Selene_(Water),water,ssr,5,Selene,gun,3493,223,./Weapon Lists_Water - Granblue Fantasy Wiki_files/100px-Weapon_m_1040513900.jpg,"Contractor's Nature, Contractor's Apex"
Sephira_Emerald_Blaster,https://gbf.wiki/Sephira_Emerald_Blaster,water,ssr,4,Sephira Emerald Blaster,gun,2909,197,./Weapon Lists_Water - Granblue Fantasy Wiki_files/100px-Weapon_m_1040509100.jpg,"Oceansoul's Might II, Sephira Water-Tek"
Sephira_Emerald_Harp,https://gbf.wiki/Sephira_Emerald_Harp,water,ssr,4,Sephira Emerald Harp,harp,2389,258,./Weapon Lists_Water - Granblue Fantasy Wiki_files/100px-Sephira_Emerald_Harp_icon.jpg,"Oceansoul's Might II, Sephira Watersoul"
Seven-Star_Sword_Aqua,https://gbf.wiki/Seven-Star_Sword_Aqua,water,ssr,3,Seven-Star Sword Aqua,sabre,2550,220,./Weapon Lists_Water - Granblue Fantasy Wiki_files/100px-Weapon_m_1040002600.jpg,Hoarfrost's Might
Seven-Star_Sword_Cobalt,https://gbf.wiki/Seven-Star_Sword_Cobalt,water,ssr,3,Seven-Star Sword Cobalt,sabre,2810,242,./Weapon Lists_Water - Granblue Fantasy Wiki_files/100px-Weapon_m_1040003800.jpg,Hoarfrost's Might
Sherwood_Bow_(Water),https://gbf.wiki/Sherwood_Bow_(Water),water,ssr,5,Sherwood Bow,bow,3087,320,./Weapon Lists_Water - Granblue Fantasy Wiki_files/100px-Weapon_m_1040710100.jpg,"Longstrider's Nature, Longstrider's Apex"
Shishio,https://gbf.wiki/Shishio,water,ssr,4,Shishio,katana,3622,257,./Weapon Lists_Water - Granblue Fantasy Wiki_files/100px-Weapon_m_1040913500.jpg,"Nue's Omen, Nue's Cry, Hoarfrost's Glory"
Simple_Opener,https://gbf.wiki/Simple_Opener,water,ssr,3,Simple Opener,dagger,1921,192,./Weapon Lists_Water - Granblue Fantasy Wiki_files/100px-Weapon_m_1040112900.jpg,"Opener's Might, Shell-Piercing"
Six-Ruin_Fist_Aqua,https://gbf.wiki/Six-Ruin_Fist_Aqua,water,ssr,3,Six-Ruin Fist Aqua,melee,2400,250,./Weapon Lists_Water - Granblue Fantasy Wiki_files/100px-Weapon_m_1040601200.jpg,Hoarfrost's Might
Six-Ruin_Fist_Cobalt,https://gbf.wiki/Six-Ruin_Fist_Cobalt,water,ssr,3,Six-Ruin Fist Cobalt,melee,2630,280,./Weapon Lists_Water - Granblue Fantasy Wiki_files/100px-Weapon_m_1040601900.jpg,Hoarfrost's Might
Skeleton_Cane,https://gbf.wiki/Skeleton_Cane,water,ssr,3,Skeleton Cane,staff,1779,220,./Weapon Lists_Water - Granblue Fantasy Wiki_files/100px-Weapon_m_1040420200.jpg,"Armed Flood, Covert Artistry"
Skofnung,https://gbf.wiki/Skofnung,water,ssr,3,Skofnung,sabre,2385,207,./Weapon Lists_Water - Granblue Fantasy Wiki_files/100px-Weapon_m_1040003500.jpg,"Indomitable Loyalty, Sword of the Saviour"
Skofnung_Aqua,https://gbf.wiki/Skofnung_Aqua,water,ssr,4,Skofnung Aqua,sabre,2810,244,./Weapon Lists_Water - Granblue Fantasy Wiki_files/100px-Weapon_m_1040005300.jpg,"Indomitable Loyalty, Sword of the Saviour"
Skofnung_Rebirth,https://gbf.wiki/Skofnung_Rebirth,water,ssr,3,Skofnung Rebirth,sabre,2405,209,./Weapon Lists_Water - Granblue Fantasy Wiki_files/100px-Skofnung_Rebirth_icon.jpg,"Indomitable Loyalty, Sword of the Saviour"
Sky_Piercer_(Water),https://gbf.wiki/Sky_Piercer_(Water),water,ssr,5,Sky Piercer,melee,3562,382,./Weapon Lists_Water - Granblue Fantasy Wiki_files/100px-Sky_Piercer_(Water)_icon.jpg,"Hoarfrost's Enmity, Apocalyptic Power II, Ocean Blue Blow"
Slarnd,https://gbf.wiki/Slarnd,water,ssr,4,Slarnd,axe,3180,234,./Weapon Lists_Water - Granblue Fantasy Wiki_files/100px-Weapon_m_1040300200.jpg,"Hoarfrost's Might II, Tsunami's Dual-Edge"
Snowbane,https://gbf.wiki/Snowbane,water,ssr,3,Snowbane,spear,2306,256,./Weapon Lists_Water - Granblue Fantasy Wiki_files/100px-Weapon_m_1040215600.jpg,"Tsunami's Mystery, Tsunami's Verity"
Snowflake,https://gbf.wiki/Snowflake,water,ssr,3,Snowflake,katana,2150,151,./Weapon Lists_Water - Granblue Fantasy Wiki_files/100px-Weapon_m_1040905900.jpg,Spirit of Giving
Soul_Echoer_Aqua,https://gbf.wiki/Soul_Echoer_Aqua,water,ssr,4,Soul Echoer Aqua,harp,2470,266,./Weapon Lists_Water - Granblue Fantasy Wiki_files/100px-Weapon_m_1040810400.jpg,"Drum Master's Battery, Indestructible Bachi"
Spear_of_Eternal_Splendor,https://gbf.wiki/Spear_of_Eternal_Splendor,water,ssr,3,Spear of Eternal Splendor,spear,999,99,./Weapon Lists_Water - Granblue Fantasy Wiki_files/100px-Weapon_m_1040214700.jpg,
Spirit_of_Mana,https://gbf.wiki/Spirit_of_Mana,water,ssr,4,Spirit of Mana,melee,2520,270,./Weapon Lists_Water - Granblue Fantasy Wiki_files/100px-Weapon_m_1040614100.jpg,"Oceansoul's Celere, Oceansoul's Enmity II"
Staff_of_Renunciation,https://gbf.wiki/Staff_of_Renunciation,water,ssr,5,Staff of Renunciation,staff,3140,420,./Weapon Lists_Water - Granblue Fantasy Wiki_files/100px-Weapon_m_1040415100.jpg,"Oceansoul's Majesty III, Guiding Revelation, Guiding Gospel"
Staff_of_Repudiation,https://gbf.wiki/Staff_of_Repudiation,water,ssr,5,Staff of Repudiation,staff,3140,420,./Weapon Lists_Water - Granblue Fantasy Wiki_files/100px-Weapon_m_1040415000.jpg,"Hoarfrost's Majesty, Guiding Revelation, Guiding Gospel"
Stardust_Holly_Rod,https://gbf.wiki/Stardust_Holly_Rod,water,ssr,3,Stardust Holly Rod,staff,2140,288,./Weapon Lists_Water - Granblue Fantasy Wiki_files/100px-Weapon_m_1040409100.jpg,"Hoarfrost's Might, Preemptive Azure Barrier"
Street_Weapon,https://gbf.wiki/Street_Weapon,water,ssr,3,Street Weapon,melee,1820,196,./Weapon Lists_Water - Granblue Fantasy Wiki_files/100px-Weapon_m_1040603100.jpg,"Street Fighter, Focus Attack"
Sunshine_Blade,https://gbf.wiki/Sunshine_Blade,water,ssr,4,Sunshine Blade,dagger,2310,230,./Weapon Lists_Water - Granblue Fantasy Wiki_files/100px-Sunshine_Blade_icon.jpg,"Sunshiner, Shining Beacon"
Swordfish,https://gbf.wiki/Swordfish,water,ssr,3,Swordfish,katana,2140,153,./Weapon Lists_Water - Granblue Fantasy Wiki_files/100px-Weapon_m_1040902300.jpg,"Tsunami's Might, Water's Aegis"
Taisai_Spirit_Bow,https://gbf.wiki/Taisai_Spirit_Bow,water,ssr,4,Taisai Spirit Bow,bow,3020,363,./Weapon Lists_Water - Granblue Fantasy Wiki_files/100px-Weapon_m_1040708700.jpg,"Hoarfrost's Celere, Water's Might"
Tall-Tale_Teller_(Water),https://gbf.wiki/Tall-Tale_Teller_(Water),water,ssr,5,Tall-Tale Teller,axe,3297,226,./Weapon Lists_Water - Granblue Fantasy Wiki_files/100px-Weapon_m_1040312100.jpg,"Rugged Woodcutter's Nature, Rugged Woodcutter's Apex"
Teiwaz,https://gbf.wiki/Teiwaz,water,ssr,3,Teiwaz,axe,2770,160,./Weapon Lists_Water - Granblue Fantasy Wiki_files/100px-Weapon_m_1040312600.jpg,"Hoarfrost's Might, Preemptive Frost Blade"
Ten-Wolf_Gun_Aqua,https://gbf.wiki/Ten-Wolf_Gun_Aqua,water,ssr,3,Ten-Wolf Gun Aqua,gun,2740,180,./Weapon Lists_Water - Granblue Fantasy Wiki_files/100px-Weapon_m_1040501100.jpg,Hoarfrost's Might
Ten-Wolf_Gun_Cobalt,https://gbf.wiki/Ten-Wolf_Gun_Cobalt,water,ssr,3,Ten-Wolf Gun Cobalt,gun,3020,200,./Weapon Lists_Water - Granblue Fantasy Wiki_files/100px-Weapon_m_1040501800.jpg,Hoarfrost's Might
Tetrastreamer_(Water),https://gbf.wiki/Tetrastreamer_(Water),water,ssr,5,Tetrastreamer,katana,3455,237,./Weapon Lists_Water - Granblue Fantasy Wiki_files/100px-Weapon_m_1040910400.jpg,"Tetra's Nature, Tetra's Essence"
The_Hand_That_Scritches,https://gbf.wiki/The_Hand_That_Scritches,water,ssr,4,The Hand That Scritches,staff,2538,360,./Weapon Lists_Water - Granblue Fantasy Wiki_files/100px-Weapon_m_1040421500.jpg,"Hoarfrost's Verity, Water's Healing, Tsunami's Stamina"
The_Mark_of_Death,https://gbf.wiki/The_Mark_of_Death,water,ssr,3,The Mark of Death,spear,1895,217,./Weapon Lists_Water - Granblue Fantasy Wiki_files/100px-Weapon_m_1040205000.jpg,"Tsunami's Might, Water's Aegis"
The_Storyteller_(Water),https://gbf.wiki/The_Storyteller_(Water),water,ssr,5,The Storyteller,gun,3465,229,./Weapon Lists_Water - Granblue Fantasy Wiki_files/100px-Weapon_m_1040508100.jpg,"Kingpin's Nature, Kingpin's Essence"
Three-Tiger_Axe_Aqua,https://gbf.wiki/Three-Tiger_Axe_Aqua,water,ssr,3,Three-Tiger Axe Aqua,axe,2680,195,./Weapon Lists_Water - Granblue Fantasy Wiki_files/100px-Weapon_m_1040301800.jpg,Hoarfrost's Might
Three-Tiger_Axe_Cobalt,https://gbf.wiki/Three-Tiger_Axe_Cobalt,water,ssr,3,Three-Tiger Axe Cobalt,axe,2950,215,./Weapon Lists_Water - Granblue Fantasy Wiki_files/100px-Weapon_m_1040302500.jpg,Hoarfrost's Might
Tlepilli,https://gbf.wiki/Tlepilli,water,ssr,3,Tlepilli,melee,2224,274,./Weapon Lists_Water - Granblue Fantasy Wiki_files/100px-Weapon_m_1040608800.jpg,"Hoarfrost's Verity, Tsunami's Dual-Edge"
Triaina,https://gbf.wiki/Triaina,water,ssr,3,Triaina,spear,1870,213,./Weapon Lists_Water - Granblue Fantasy Wiki_files/100px-Weapon_m_1040201800.jpg,Hoarfrost's Might
True_Glacial_Dream_Staff,https://gbf.wiki/True_Glacial_Dream_Staff,water,ssr,5,True Glacial Dream Staff,staff,2600,310,./Weapon Lists_Water - Granblue Fantasy Wiki_files/100px-True_Glacial_Dream_Staff_icon.jpg,"True Glacial Supremacy, Glacial Flight"
Tsurumaru_Kuninaga_(Weapon),https://gbf.wiki/Tsurumaru_Kuninaga_(Weapon),water,ssr,4,Tsurumaru Kuninaga,katana,2491,178,./Weapon Lists_Water - Granblue Fantasy Wiki_files/100px-Tsurumaru_Kuninaga_(Weapon)_icon.jpg,"Rindo Emblem, Kuninaga Gojo Crafted"
Two-Crown_Bow_Aqua,https://gbf.wiki/Two-Crown_Bow_Aqua,water,ssr,3,Two-Crown Bow Aqua,bow,2550,232,./Weapon Lists_Water - Granblue Fantasy Wiki_files/100px-Weapon_m_1040701200.jpg,Hoarfrost's Might
Two-Crown_Bow_Cobalt,https://gbf.wiki/Two-Crown_Bow_Cobalt,water,ssr,3,Two-Crown Bow Cobalt,bow,2800,255,./Weapon Lists_Water - Granblue Fantasy Wiki_files/100px-Weapon_m_1040701900.jpg,Hoarfrost's Might
Tyros_Bow,https://gbf.wiki/Tyros_Bow,water,ssr,4,Tyros Bow,bow,2700,250,./Weapon Lists_Water - Granblue Fantasy Wiki_files/100px-Tyros_Bow_icon.jpg,Oceansoul's Fandango
Tyros_Scepter,https://gbf.wiki/Tyros_Scepter,water,ssr,4,Tyros Scepter,staff,2320,310,./Weapon Lists_Water - Granblue Fantasy Wiki_files/100px-Tyros_Scepter_icon.jpg,"Oceansoul's Sweep, Aquae Excelsior"
Tyros_Zither,https://gbf.wiki/Tyros_Zither,water,ssr,4,Tyros Zither,harp,2390,260,./Weapon Lists_Water - Granblue Fantasy Wiki_files/100px-Tyros_Zither_icon.jpg,"Oceansoul's Might, Oceansoul's Sentence"
Ullikummi_(Water),https://gbf.wiki/Ullikummi_(Water),water,ssr,5,Ullikummi,harp,3371,349,./Weapon Lists_Water - Granblue Fantasy Wiki_files/100px-Ullikummi_(Water)_icon.jpg,"Hoarfrost's Heed, Vouge Hymn II, Water's Majesty"
Ultima_Axe_(Water),https://gbf.wiki/Ultima_Axe_(Water),water,ssr,5,Ultima Axe,axe,4169,245,./Weapon Lists_Water - Granblue Fantasy Wiki_files/100px-Weapon_m_1040307900.jpg,"Labrys Rubell, Soulless Passage, Gate of Omnipotence"
Ultima_Blade_(Water),https://gbf.wiki/Ultima_Blade_(Water),water,ssr,5,Ultima Blade,katana,4191,240,./Weapon Lists_Water - Granblue Fantasy Wiki_files/100px-Weapon_m_1040907600.jpg,"Makhaira Rubell, Soulless Passage, Gate of Omnipotence"
Ultima_Bow_(Water),https://gbf.wiki/Ultima_Bow_(Water),water,ssr,5,Ultima Bow,bow,3822,305,./Weapon Lists_Water - Granblue Fantasy Wiki_files/100px-Weapon_m_1040707000.jpg,"Arcus Rubell, Soulless Passage, Gate of Omnipotence"
Ultima_Claw_(Water),https://gbf.wiki/Ultima_Claw_(Water),water,ssr,5,Ultima Claw,melee,3415,349,./Weapon Lists_Water - Granblue Fantasy Wiki_files/100px-Weapon_m_1040608200.jpg,"Luctor Rubell, Soulless Passage, Gate of Omnipotence"
Ultima_Dagger_(Water),https://gbf.wiki/Ultima_Dagger_(Water),water,ssr,5,Ultima Dagger,dagger,3525,333,./Weapon Lists_Water - Granblue Fantasy Wiki_files/100px-Weapon_m_1040109800.jpg,"Sica Rubell, Soulless Passage, Gate of Omnipotence"
Ultima_Gun_(Water),https://gbf.wiki/Ultima_Gun_(Water),water,ssr,5,Ultima Gun,gun,4188,232,./Weapon Lists_Water - Granblue Fantasy Wiki_files/100px-Weapon_m_1040507500.jpg,"Arma Rubell, Soulless Passage, Gate of Omnipotence"
Ultima_Harp_(Water),https://gbf.wiki/Ultima_Harp_(Water),water,ssr,5,Ultima Harp,harp,3293,314,./Weapon Lists_Water - Granblue Fantasy Wiki_files/100px-Weapon_m_1040807100.jpg,"Musica Rubell, Soulless Passage, Gate of Omnipotence"
Ultima_Spear_(Water),https://gbf.wiki/Ultima_Spear_(Water),water,ssr,5,Ultima Spear,spear,3452,350,./Weapon Lists_Water - Granblue Fantasy Wiki_files/100px-Weapon_m_1040208900.jpg,"Lancea Rubell, Soulless Passage, Gate of Omnipotence"
Ultima_Staff_(Water),https://gbf.wiki/Ultima_Staff_(Water),water,ssr,5,Ultima Staff,staff,3173,401,./Weapon Lists_Water - Granblue Fantasy Wiki_files/100px-Weapon_m_1040410900.jpg,"Baculum Rubell, Soulless Passage, Gate of Omnipotence"
Ultima_Sword_(Water),https://gbf.wiki/Ultima_Sword_(Water),water,ssr,5,Ultima Sword,sabre,3807,288,./Weapon Lists_Water - Granblue Fantasy Wiki_files/100px-Weapon_m_1040012000.jpg,"Gladius Rubell, Soulless Passage, Gate of Omnipotence"
Unsigned_Kaneshige_(Water),https://gbf.wiki/Unsigned_Kaneshige_(Water),water,ssr,5,Unsigned Kaneshige,katana,3435,241,./Weapon Lists_Water - Granblue Fantasy Wiki_files/100px-Weapon_m_1040909400.jpg,"Kengo's Nature, Kengo's Essence"
Uraeus,https://gbf.wiki/Uraeus,water,ssr,4,Uraeus,axe,2795,247,./Weapon Lists_Water - Granblue Fantasy Wiki_files/100px-Weapon_m_1040315300.jpg,"Snowfall's Exertion, Cobalt Arts"
Vanguard_(Water),https://gbf.wiki/Vanguard_(Water),water,ssr,5,Vanguard,spear,3246,257,./Weapon Lists_Water - Granblue Fantasy Wiki_files/100px-Weapon_m_1040214100.jpg,"Cavalier's Nature, Cavalier's Apex"
Vergilius,https://gbf.wiki/Vergilius,water,ssr,4,Vergilius,spear,2170,239,./Weapon Lists_Water - Granblue Fantasy Wiki_files/100px-Vergilius_icon.jpg,"Hoarfrost's Aegis, Water's Might"
Verona_Bow,https://gbf.wiki/Verona_Bow,water,ssr,3,Verona Bow,bow,1990,188,./Weapon Lists_Water - Granblue Fantasy Wiki_files/100px-Weapon_m_1040705300.jpg,"Hoarfrost's Aegis, Preemptive Azure Barrier"
Vertrauen,https://gbf.wiki/Vertrauen,water,ssr,4,Vertrauen,staff,2487,370,./Weapon Lists_Water - Granblue Fantasy Wiki_files/100px-Weapon_m_1040420100.jpg,"Hoarfrost's Healing, Tsunami's Majesty, Water's Garrison"
Vlisragna,https://gbf.wiki/Vlisragna,water,ssr,4,Vlisragna,gun,3140,210,./Weapon Lists_Water - Granblue Fantasy Wiki_files/100px-Weapon_m_1040502400.jpg,"Hoarfrost's Might, Zion's Might, Hidden Aim"
Wamdus%27s_Cnidocyte,https://gbf.wiki/Wamdus%27s_Cnidocyte,water,ssr,4,Wamdus's Cnidocyte,spear,2748,313,./Weapon Lists_Water - Granblue Fantasy Wiki_files/100px-Weapon_m_1040215100.jpg,"Flood's Verity, Azure Covenant"
Wand_of_Charmtide,https://gbf.wiki/Wand_of_Charmtide,water,ssr,4,Wand of Charmtide,staff,2540,340,./Weapon Lists_Water - Granblue Fantasy Wiki_files/100px-Weapon_m_1040415300.jpg,"Gabriel's Blessing III, Water's Majesty"
Wand_of_Gabriel_(SSR),https://gbf.wiki/Wand_of_Gabriel_(SSR),water,ssr,3,Wand of Gabriel (SSR),staff,2100,280,./Weapon Lists_Water - Granblue Fantasy Wiki_files/100px-Wand_of_Gabriel_(SSR)_icon.jpg,"Gabriel's Blessing II, Water's Majesty"
Wasserspeier_(Water),https://gbf.wiki/Wasserspeier_(Water),water,ssr,5,Wasserspeier,sabre,3218,275,./Weapon Lists_Water - Granblue Fantasy Wiki_files/100px-Weapon_m_1040018200.jpg,"Dual Blade's Nature, Dual Blade's Essence"
White_Hawk,https://gbf.wiki/White_Hawk,water,ssr,3,White Hawk,gun,2556,206,./Weapon Lists_Water - Granblue Fantasy Wiki_files/100px-Weapon_m_1040509400.jpg,"Hoarfrost's Heed, Tsunami's Might"
Whitefrost_Glacier,https://gbf.wiki/Whitefrost_Glacier,water,ssr,3,Whitefrost Glacier,spear,2060,305,./Weapon Lists_Water - Granblue Fantasy Wiki_files/100px-Weapon_m_1040215700.jpg,"Hoarfrost's Might, Preemptive Ice Wall"
Wicked_Sick_Blaster,https://gbf.wiki/Wicked_Sick_Blaster,water,ssr,3,Wicked Sick Blaster,gun,2180,140,./Weapon Lists_Water - Granblue Fantasy Wiki_files/100px-Wicked_Sick_Blaster_icon.jpg,"Ranger Smoke, Wicked Sick Might"
Wilhelm,https://gbf.wiki/Wilhelm,water,ssr,4,Wilhelm,melee,2527,273,./Weapon Lists_Water - Granblue Fantasy Wiki_files/100px-Weapon_m_1040606000.jpg,"Hoarfrost's Tyranny, Tsunami's Verity"
Wilhelm_Militis,https://gbf.wiki/Wilhelm_Militis,water,ssr,3,Wilhelm Militis,melee,1990,214,./Weapon Lists_Water - Granblue Fantasy Wiki_files/100px-Weapon_m_1040615700.jpg,"Gauntlet Voltage II, Snowfall's Marvel"
Winter%27s_Frostnettle,https://gbf.wiki/Winter%27s_Frostnettle,water,ssr,4,Winter's Frostnettle,dagger,2249,228,./Weapon Lists_Water - Granblue Fantasy Wiki_files/100px-Weapon_m_1040111300.jpg,"Oceansoul's Celere II, Oceansoul's Enmity"
Worldstorming_Aetos,https://gbf.wiki/Worldstorming_Aetos,water,ssr,3,Worldstorming Aetos,harp,2266,285,./Weapon Lists_Water - Granblue Fantasy Wiki_files/100px-Weapon_m_1040815200.jpg,"Tidings of the New World, Sephirath Brogue"
Xeno_Glacial_Dream_Staff,https://gbf.wiki/Xeno_Glacial_Dream_Staff,water,ssr,3,Xeno Glacial Dream Staff,staff,1940,260,./Weapon Lists_Water - Granblue Fantasy Wiki_files/100px-Xeno_Glacial_Dream_Staff_icon.jpg,Glacial Supremacy
Xuanwu_Mace,https://gbf.wiki/Xuanwu_Mace,water,ssr,4,Xuanwu Mace,axe,2480,180,./Weapon Lists_Water - Granblue Fantasy Wiki_files/100px-Weapon_m_1040303300.jpg,Hoarfrost's Might II
Xuanwu_Mace_Malus,https://gbf.wiki/Xuanwu_Mace_Malus,water,ssr,5,Xuanwu Mace Malus,axe,2915,209,./Weapon Lists_Water - Granblue Fantasy Wiki_files/100px-Weapon_m_1040306800.jpg,"Hoarfrost's Might II, Essence of the North"
Xuanwu_Mace_Pontus,https://gbf.wiki/Xuanwu_Mace_Pontus,water,ssr,5,Xuanwu Mace Pontus,axe,2915,209,./Weapon Lists_Water - Granblue Fantasy Wiki_files/100px-Weapon_m_1040306700.jpg,"Hoarfrost's Might II, Shell of the Bereft"
Xuanwu_Mace_Regus,https://gbf.wiki/Xuanwu_Mace_Regus,water,ssr,5,Xuanwu Mace Regus,axe,2915,209,./Weapon Lists_Water - Granblue Fantasy Wiki_files/100px-Weapon_m_1040306600.jpg,"Hoarfrost's Might II, Water's Dual-Edge"
Xuanwu_Shellfists,https://gbf.wiki/Xuanwu_Shellfists,water,ssr,4,Xuanwu Shellfists,melee,2130,230,./Weapon Lists_Water - Granblue Fantasy Wiki_files/100px-Weapon_m_1040605800.jpg,"Hoarfrost's Fourth Pursuit, Hoarfrost's Might"
Zodiaco_Vitae,https://gbf.wiki/Zodiaco_Vitae,water,ssr,4,Zodiaco Vitae,dagger,2958,278,./Weapon Lists_Water - Granblue Fantasy Wiki_files/100px-Weapon_m_1040115100.jpg,"Tsunami's Fandango, Clawed Flood"
